{
    "Controller": {
        "MIMO": {
            "Admatrix_Gain": [
                0.9908412651407734,
                -0.0019833814167235053,
                -6.191770937658033e-05,
                0.00019300702625747358,
                0.0008474979782451374,
                0.0003549086090671904,
                0.009970539195563552,
                0.9999903335371616,
                4.5899380304189593e-07,
                1.3829524167699097e-06,
                5.155703790216706e-06,
                4.998605350307865e-07,
                0.0007800601779772197,
                -2.2869919792243083e-05,
                0.9935526642600035,
                -0.011422366253467812,
                -0.00163800735757729,
                -0.0012390230784210074,
                6.743731009827397e-06,
                -1.7478102842875477e-07,
                0.009986280940809767,
                0.9999421146059614,
                -7.938614333329107e-06,
                -6.750071860026911e-06,
                -0.003736314289200996,
                0.0008166320277762425,
                -0.0001789250799188637,
                -0.0022209738799372682,
                0.9865377639317701,
                -0.005362060599410741,
                -1.3721836394782976e-05,
                5.14710865130893e-06,
                -1.0030090889360268e-06,
                -9.021596003904926e-06,
                0.009962740739795794,
                0.9999729773581527
            ],
            "Bdmatrix_Gain": [
                0.0004570422181295655,
                0.00034008467823651474,
                0.0004625292351551843,
                0.00034557169526162743,
                2.4077379035479446e-06,
                1.8102575247426447e-06,
                2.089552624071001e-06,
                1.492072245240795e-06,
                0.0022179168123483734,
                -0.0025916415067169397,
                0.0024663923708542913,
                -0.0023431659482112334,
                1.0546719351404089e-05,
                -1.2446222782260842e-05,
                1.180962842695927e-05,
                -1.1183313706741566e-05,
                -0.0038706115000397847,
                -0.004229500081441134,
                0.0044822842356182415,
                0.004123395654216929,
                -1.9148229760653784e-05,
                -2.0727323205316328e-05,
                2.170845264125635e-05,
                2.012935919669901e-05
            ],
            "Cdmatrix_Gain": [
                0,
                1,
                0,
                0,
                0,
                0,
                0,
                0,
                1,
                0,
                0,
                0,
                0,
                0,
                0,
                1,
                0,
                0,
                0,
                0,
                0,
                0,
                1,
                0,
                0,
                0,
                0,
                0,
                0,
                1
            ],
            "IntegratorGain_Gain": [
                -15.831888160021657,
                15.602730028226285,
                -15.095562996914808,
                -14.187261788991965,
                16.471185291003756,
                15.789941022804905,
                -17.013992115972126,
                -15.178352493202476,
                -14.170768696583451,
                -15.369365744920065,
                -14.309897230429208,
                16.71473532313834
            ],
            "Ldmatrix_Gain": [
                -0.0019782272871949986,
                0.024776068317034904,
                0.00019743546096643861,
                -0.1182252479150132,
                0.0003427607603501212,
                0.999990385301568,
                0.000249982288733051,
                1.4280944227007347e-06,
                -0.0011917412240329806,
                3.806137113569042e-07,
                -2.286333594290633e-05,
                0.6127329948983125,
                -0.011392033273938753,
                -0.0013482195169936223,
                -0.001238344415069566,
                -1.7472061388317697e-07,
                0.006160506229098559,
                0.9989443580813033,
                -8.26090622578719e-06,
                -6.748757974762693e-06,
                0.000816600686772418,
                -0.00044874806923656744,
                -0.0022196495516902067,
                0.6076414434789642,
                -0.005335749747996912,
                5.1469169206781254e-06,
                -3.486403865463306e-06,
                -9.021484416837922e-06,
                0.006135626019259195,
                0.9989752111562062
            ],
            "StateGain_Gain": [
                14.490986686030089,
                28.46968359843166,
                4.3376968926139785,
                12.403303577533903,
                -3.0836849739157195,
                -12.191064037567555,
                13.238172911768876,
                25.854971481695916,
                -4.588099143605702,
                -12.331728534291729,
                -2.7969900230067326,
                -12.35636194059976,
                14.274306234703939,
                30.017303842184123,
                3.8651884947435176,
                11.147948452396928,
                2.987051804225602,
                10.981367902308872,
                13.021492460423719,
                27.40259172540894,
                -5.060607541476439,
                -13.587083659430299,
                3.273746755134942,
                10.816069999279783
            ]
        },
        "PP": {
            "Kd_pitch": 6.0,
            "Kd_roll": 5.0,
            "Ki_pitch": 110.0,
            "Ki_roll": 45.0,
            "Kp_pitch": 40.0,
            "Kp_roll": 20.0,
            "buoyancy": 200,
            "cZ_inf": 865.9,
            "denCHeave2": 1.895,
            "denCHeave3": -0.8954999999999999,
            "denFHeave2": 0.994995014240279,
            "integral_max_pitch": 0.02,
            "integral_max_roll": 0.02,
            "integral_min_pitch": -0.03,
            "integral_min_roll": -0.02,
            "maxForceZ": 25,
            "minForceZ": -25,
            "numCHeave2": -3.442763629825612e-05,
            "numCHeave3": 3.385020241443606e-05,
            "numFHeave1": 0.0929771200641589,
            "numFHeave2": -0.0879721343075612,
            "output_max_pitch": 3.0,
            "output_max_roll": 1.5,
            "output_min_pitch": -3.0,
            "output_min_roll": -1.5,
            "weight": 190.0
        }
    },
    "General": {
        "Zspeed_alpha": 0.0,
        "Zspeed_beta": 0.8,
        "bar02_loglevel": 0,
        "controller_loglevel": 0,
        "controller_profile": 7,
        "controller_type": "PP",
        "debug_interval": 100,
        "imu_loglevel": 0,
        "imu_pitch_offset": -0.8,
        "imu_roll_offset": -2.6,
        "logFileDir": "log/",
        "logTypeCOUT": true,
        "logTypeFILE": true,
        "logTypeMQTT": true,
        "main_loglevel": 0,
        "motor_interval": 10,
        "motors_loglevel": 0,
        "mqtt_client_id": "oceanix",
        "mqtt_loglevel": 2,
        "mqtt_server_addr": "127.0.0.1",
        "nucleo_loglevel": 2
    },
    "Motors": {
        "FDX_coeff": -1.0,
        "FDX_pwm_zero": 1490,
        "FSX_coeff": -1.0,
        "FSX_pwm_zero": 1510,
        "RDX_coeff": -1.0,
        "RDX_pwm_zero": 1465,
        "RSX_coeff": -1.0,
        "RSX_pwm_zero": 1500,
        "UPFDX_coeff": -1.0,
        "UPFDX_pwm_zero": 1510,
        "UPFSX_coeff": -1.0,
        "UPFSX_pwm_zero": 1500,
        "UPRDX_coeff": -1.0,
        "UPRDX_pwm_zero": 1500,
        "UPRSX_coeff": -1.0,
        "UPRSX_pwm_zero": 1500,
        "thrust_max_xy": 2.0,
        "thrust_max_xy_work": 0.8,
        "thrust_max_z": 1.8,
        "thrust_max_z_work": 1.0,