{
    "Controller": {
        "MIMO": {
            "Admatrix_Gain": [
                0.9953855645707236,
                0.0,
                0.0,
                0.0,
                0.0,
                0.0,
                0.02993073011284586,
                1.0,
                0.0,
                0.0,
                0.0,
                0.0,
                0.0,
                0.0,
                0.9927318495028146,
                -0.2222600001752236,
                0.0,
                0.0,
                0.0,
                0.0,
                0.029907577446905115,
                0.9966620482744616,
                0.0,
                0.0,
                0.0,
                0.0,
                0.0,
                0.0,
                0.9943392257586267,
                -0.17312784181743246,
                0.0,
                0.0,
                0.0,
                0.0,
                0.02992803066286007,
                0.9974006260587811
            ],
            "Bdmatrix_Gain": [
                0.000890817650439474,
                0.000890817650439474,
                0.000890817650439474,
                0.000890817650439474,
                1.3372565087671983e-05,
                1.3372565087671983e-05,
                1.3372565087671983e-05,
                1.3372565087671983e-05,
                0.007690725247752241,
                -0.0075260499192202355,
                0.007690612956358767,
                -0.0075260499192202355,
                0.00011550107797686549,
                -0.00011302794607461737,
                0.00011549939155893014,
                -0.00011302794607461738,
                -0.0088292971370955,
                -0.008832227334525645,
                0.010632461913886481,
                0.010629575450746335,
                -0.00013256472590726453,
                -0.000132608720441954,
                0.00015963778061245073,
                0.00015959444271260734
            ],
            "Cdmatrix_Gain": [
                0,
                1,
                0,
                0,
                0,
                0,
                0,
                0,
                1,
                0,
                0,
                0,
                0,
                0,
                0,
                1,
                0,
                0,
                0,
                0,
                0,
                0,
                1,
                0,
                0,
                0,
                0,
                0,
                0,
                1
            ],
            "IntegratorGain_Gain": [
                -16.078482309542363,
                13.82194187061922,
                -15.079246027993513,
                -16.270501221430425,
                13.818981965512432,
                14.893437137091146,
                -14.087569820775178,
                -15.660157389425036,
                -15.07028382743146,
                -14.279582843917941,
                -15.6631834918412,
                14.90217817544434
            ],
            "Ldmatrix_Gain": [
                0.5674913488784049,
                0.058509818808420606,
                -0.050290520909396945,
                0.0,
                0.0,
                0.19465692023362935,
                0.019442212020846977,
                0.015893490956490633,
                0.0,
                0.0,
                0.022870027711224504,
                0.11445815579723162,
                -0.11929106165646224,
                0.0,
                0.0,
                -0.05438897533326509,
                -0.10841661253204524,
                0.15311355552968908,
                0.0,
                0.0,
                0.0,
                0.0,
                0.0,
                0.09401470317236105,
                -0.17312784181743246,
                0.0,
                0.0,
                0.0,
                0.02992803066286007,
                0.08346944078755292
            ],
            "StateGain_Gain": [
                22.658618681291276,
                32.11724576694643,
                3.434855454655982,
                6.176486958591802,
                -3.192178600014088,
                -6.838541900424965,
                22.98076435108812,
                32.524541229643,
                -3.3949795465760464,
                -6.037058333537213,
                -3.1906831936554028,
                -6.835205108336964,
                19.48271575984656,
                27.95092730851239,
                3.431615567292815,
                6.170182520983705,
                3.525154297861178,
                8.118606566480226,
                19.804851919049113,
                28.35821040770234,
                -3.398169040694224,
                -6.043272655886864,
                3.5266647808512745,
                8.1219769288957
            ]
        },
        "PP": {
            "buoyancy": 195,
            "cPITCH_inf": 20245.03104996161,
            "cROLL_inf": 13934.17620261203,
            "cZ_inf": 865.9,
            "denCHeave2": 1.895,
            "denCHeave3": -0.8954999999999999,
            "denCPitch2": 1.842948100065568,
            "denCPitch3": -0.8509319344544103,
            "denCRoll2": 1.843014689206624,
            "denCRoll3": -0.8510012064159749,
            "denFHeave2": 0.994995014240279,
            "denFPitch2": 1.842948100065568,
            "denFPitch3": -0.8509319344544103,
            "maxForcePitch": 5,
            "maxForceRoll": 2,
            "maxForceZ": 15,
            "minForcePitch": -5,
            "minForceRoll": -2,
            "minForceZ": -15,
            "numCHeave2": -3.442763629825612e-05,
            "numCHeave3": 3.385020241443606e-05,
            "numCPitch2": 4.118452858606612e-05,
            "numCPitch3": -4.157888878087835e-05,
            "numCRoll2": 5.983821909621034e-05,
            "numCRoll3": -6.041137943904093e-05,
            "numFHeave1": 0.0929771200641589,
            "numFHeave2": -0.0879721343075612,
            "numFPitch2": 0.01645432378158562,
            "numFPitch3": -0.008470489392742607,
            "weight": 171.10864
        }
    },
    "General": {
        "Zspeed_alpha": 0.0,
        "Zspeed_beta": 0.8,
        "bar02_loglevel": 0,
        "controller_loglevel": 0,
        "controller_profile": 1,
        "controller_type": "PP",
        "debug_interval": 100,
        "imu_loglevel": 0,
        "imu_pitch_offset": -0.6,
        "imu_roll_offset": -2.2,
        "logFileDir": "log/",
        "logTypeCOUT": true,
        "logTypeFILE": true,
        "logTypeMQTT": true,
        "main_loglevel": 0,
        "motor_interval": 10,
        "motors_loglevel": 0,
        "mqtt_client_id": "oceanix",
        "mqtt_loglevel": 2,
        "mqtt_server_addr": "127.0.0.1",
        "nucleo_loglevel": 2
    },
    "Motors": {
        "FDX_coeff": -1.0,
        "FDX_pwm_zero": 1520,
        "FSX_coeff": -1.0,
        "FSX_pwm_zero": 1540,
        "RDX_coeff": -1.0,
        "RDX_pwm_zero": 1540,
        "RSX_coeff": -1.0,
        "RSX_pwm_zero": 1540,
        "UPFDX_coeff": -1.0,
        "UPFDX_pwm_zero": 1540,
        "UPFSX_coeff": -1.0,
        "UPFSX_pwm_zero": 1540,
        "UPRDX_coeff": -1.0,
        "UPRDX_pwm_zero": 1540,
        "UPRSX_coeff": -1.0,
        "UPRSX_pwm_zero": 1540,
        "thrust_max_xy": 2.0,
        "thrust_max_xy_work": 1.3,
        "thrust_max_z": 1.8,
        "thrust_max_z_work": 1.8,
        "thrust_slew_rate_max": 0.4
    }
}