{
    "General": {
        "Zspeed_alpha": 0.0,
        "Zspeed_beta": 0.8,
        "bar02_loglevel": 0,
        "controller_loglevel": 0,
        "controller_profile": 7,
        "debug_interval": 100,
        "imu_loglevel": 0,
        "logFileDir": "log/",
        "logTypeCOUT": true,
        "logTypeFILE": true,
        "logTypeMQTT": true,
        "main_loglevel": 0,
        "motor_interval": 20,
        "motors_loglevel": 0,
        "mqtt_client_id": "oceanix",
        "mqtt_loglevel": 2,
        "mqtt_server_addr": "127.0.0.1",
        "nucleo_debug": false,
        "nucleo_loglevel": 0
    },
    "Motors": {
        "FDX_coeff": -1.0,
        "FDX_pwm_zero": 1540,
        "FSX_coeff": -1.0,
        "FSX_pwm_zero": 1540,
        "RDX_coeff": -1.0,
        "RDX_pwm_zero": 1540,
        "RSX_coeff": -1.0,
        "RSX_pwm_zero": 1540,
        "UPFDX_coeff": -1.0,
        "UPFDX_pwm_zero": 1540,
        "UPFSX_coeff": -1.0,
        "UPFSX_pwm_zero": 1540,
        "UPRDX_coeff": -1.0,
        "UPRDX_pwm_zero": 1540,
        "UPRSX_coeff": -1.0,
        "UPRSX_pwm_zero": 1540,
        "thrust_slew_rate_max": 0.5,
        "thrust_max_xy": 2.0,
        "thrust_max_xy_work": 1.3,
        "thrust_max_z": 1.8,
        "thrust_max_z_work": 1.8
    },
    "Controller": {
        "Admatrix_Gain": [0.99845948288256692, 0.0099922954352272136, 0.0, 0.0, 0.0, 0.0, 0.0, 1.0,
                0.0, 0.0, 0.0, 0.0, 0.0, 0.0, 0.99831551864220647, 0.00999219456954543, 0.0,
                0.0, 0.0, 0.0, -0.074257608150333609, 0.99962860763756234, 0.0, 0.0, 0.0,
                0.0, 0.0, 0.0, 0.99868857309548165, 0.0099939235264009819, 0.0, 0.0, 0.0,
                0.0, -0.057812905596940377, 0.99971087225135],

        "InegratorGain_Gain": [52.240015286061123, 53.155960178583065, 44.839665528418827,
                45.755587039981158, -44.569451110191167, -44.524801693884143,
                51.703380063030792, 51.748245386324491, 47.957210192350132,
                -47.061112690990036, 47.933933091910809, -47.08368865941128],

        "StateGain_Gain": [-31.04802458686418, -31.617859777049361, -26.222616296252454,
                -26.792436443106482, -58.240323104094237, -59.28772899241936,
                -49.543001571571622, -50.590380195723107, -9.85862725154776,
                9.70611682250446, -9.8507152239894644, 9.7138844905077484,
                -50.231825633972718, 49.1874604612764, -50.203546229784941,
                49.215006267931791, 5.026989295521088, 5.022476179027346,
                -5.5615154400247144, -5.56605230584222, 17.267648185804546,
                17.24578043701618, -20.216795428650535, -20.238747209123719],
        
        "Bdmatrix_Gain": [0.00029739712691759115, 1.4873677167544215E-6, 0.0025694900629408264,
                1.2851060093447824E-5, -0.0029483837868926784, -1.4745143107036873E-5,
                0.00029739712691759115, 1.4873677167544215E-6, -0.0025144716340354152,
                -1.2575890655625092E-5, -0.0029493622732275804, -1.4750036608724323E-5,
                0.00029739712691759115, 1.4873677167544215E-6, 0.0025694525461123874,
                1.2850872456599667E-5, 0.0035505179896991534, 1.7756472578286E-5,
                0.00029739712691759115, 1.4873677167544215E-6, -0.0025144716340354152,
                -1.2575890655625092E-5, 0.0035495541076379054, 1.7751652113937163E-5],

        "Cdmatrix_Gain": [0.0, 0.0, 0.0, 0.0, 0.0, 1.0, 0.0, 0.0, 0.0, 0.0, 0.0, 1.0, 0.0, 
                0.0, 0.0,0.0, 0.0, 1.0, 0.0, 0.0, 0.0, 0.0, 0.0, 1.0, 0.0, 0.0, 0.0, 
                0.0, 0.0, 1.0],
        
        "Ldmatrix_Gain": [0.52607908986164764, 0.62654397468521528, 2.8229344547352424E-15,
                3.4057731631019738E-17, 2.2259824299782244E-16, 2.9013234282629522E-16,
                3.6295006140763255E-17, 7.8998893546277176E-19, 0.00082173115624609334,
                1.2945314894435968E-5, 1.44793007187911E-20, -6.8674145688609368E-20,
                1.9434225131243135E-14, 3.1572930470227446E-16, 0.4249763311188241,
                0.62542571161792126, 4.6014669575695414E-17, 5.966732200589355E-17,
                1.602818096123969E-15, 4.7608198946234693E-17, 1.9431083671060326E-15,
                -3.3220999499269123E-16, 0.61761244197190068, 0.0011347795600903841,
                4.551014257687116E-16, -3.6752167662118822E-18, -3.6134884048882837E-15,
                -5.1737569337597532E-17, -0.040759537850610192, 0.61765919969102867],
        
        "ExtractRPZ_Gain": [0.0, 0.0, 0.0, 1.0, 0.0, 0.0, 0.0, 0.0, 0.0, 0.0, 0.0, 1.0,
                0.0, 0.0, 0.0, 0.0, 1.0, 0.0]
    }
}