{
    "Controller": {
        "MIMO": {
            "Admatrix_Gain": [
                0.9727061522741186,
                -0.005893638775563509,
                -0.0001775789003523,
                0.0005701567939033284,
                0.0024960363340393327,
                0.0010416375864065748,
                0.0296379276071742,
                0.999911875767929,
                -4.181913873292263e-07,
                9.842134693970497e-06,
                4.046691097564763e-05,
                1.1953972528401366e-05,
                0.002321051823438934,
                -7.680281059886997e-05,
                0.9804424767858999,
                -0.03403201197006745,
                -0.004850962895996282,
                -0.0036656189199911486,
                4.343462702752755e-05,
                -1.2964019911170563e-06,
                0.029763239354213048,
                0.9994849964325407,
                -7.25405983978216e-05,
                -5.7061502228543666e-05,
                -0.010932567774719862,
                0.002438972814478922,
                -0.0005915108848418018,
                -0.006568773966965799,
                0.9599873057727144,
                -0.01587307455195883,
                -0.0001513857505758132,
                3.989357593679691e-05,
                -8.787464392765283e-06,
                -9.310257630552888e-05,
                0.029486271545409965,
                0.9997593725350896
            ],
            "Bdmatrix_Gain": [
                0.0013483815116240281,
                0.001000677264779267,
                0.0013857997955300288,
                0.0010380955486837642,
                2.0761533053768745e-05,
                1.546901706381157e-05,
                2.0170252442964754e-05,
                1.4877736452917773e-05,
                0.006630406891028167,
                -0.007702618976998054,
                0.007329957342974757,
                -0.0070030685250520915,
                9.810799641835512e-05,
                -0.00011462939832862572,
                0.00010898789977083079,
                -0.00010374949497626405,
                -0.011462066239945765,
                -0.01252013600335912,
                0.0132594563681329,
                0.01220138660471966,
                -0.00017265462034456706,
                -0.00018803628755716437,
                0.00019843879782019413,
                0.00018305713060791354
            ],
            "Cdmatrix_Gain": [
                0,
                1,
                0,
                0,
                0,
                0,
                0,
                0,
                1,
                0,
                0,
                0,
                0,
                0,
                0,
                1,
                0,
                0,
                0,
                0,
                0,
                0,
                1,
                0,
                0,
                0,
                0,
                0,
                0,
                1
            ],
            "IntegratorGain_Gain": [
                -15.504404724990037,
                14.854410832201122,
                -14.43260935608235,
                -13.92399295185503,
                15.689417458675386,
                15.136102763818231,
                -16.58360518801008,
                -14.381460255961699,
                -13.559782107155428,
                -15.003193414853174,
                -13.546453629491571,
                16.008930012747133
            ],
            "Ldmatrix_Gain": [
                0.30871223240914725,
                0.024460329007928577,
                0.001031214289444268,
                -0.11355290118408419,
                -0.0005653184253667043,
                0.14205175897050581,
                0.023980603749259043,
                -0.007718274883706532,
                -0.02250037203663024,
                0.015601087654857912,
                -0.0631457002603135,
                0.18302223093787218,
                -0.045933557507277775,
                -0.16538271625834597,
                0.010294184255821697,
                0.03377925405800112,
                -0.03361759102450709,
                0.09620450913268841,
                0.07810173090599475,
                -0.01975367568544119,
                -0.037198626887141394,
                0.07303957847966608,
                -0.029941506982833894,
                0.01968331922613087,
                0.02951620023623833,
                -0.07244375976911378,
                0.1311488171241345,
                -0.023589840644614047,
                -0.13902093439788907,
                0.13452382265615115
            ],
            "StateGain_Gain": [
                14.340797064972518,
                28.001671133653648,
                4.238089762562648,
                11.966793951243961,
                -3.004660959283822,
                -11.749370372102886,
                13.113907482159942,
                25.4746948791941,
                -4.494309767462426,
                -11.915701938715939,
                -2.722934883024296,
                -11.90965999634285,
                14.09065308359372,
                29.410321470925716,
                3.780898231984175,
                10.761658415497669,
                2.908346315377615,
                10.528741581359112,
                12.863763500762337,
                26.883345216427397,
                -4.951501298041166,
                -13.120837474463777,
                3.190072391637494,
                10.36845195712223
            ]
        },
        "PP": {
            "Kd_pitch": 0.01,
            "Kd_roll": 0.01,
            "Ki_pitch": 0.1,
            "Ki_roll": 0.1,
            "Kp_pitch": 1.0,
            "Kp_roll": 1.0,
            "buoyancy": 195,
            "cZ_inf": 865.9,
            "denCHeave2": 1.895,
            "denCHeave3": -0.8954999999999999,
            "denFHeave2": 0.994995014240279,
            "integral_max_pitch": 1.0,
            "integral_max_roll": 0.5,
            "integral_min_pitch": -1.0,
            "integral_min_roll": -0.5,
            "maxForceZ": 15,
            "minForceZ": -15,
            "numCHeave2": -3.442763629825612e-05,
            "numCHeave3": 3.385020241443606e-05,
            "numFHeave1": 0.0929771200641589,
            "numFHeave2": -0.0879721343075612,
            "output_max_pitch": 5.0,
            "output_max_roll": 2.0,
            "output_min_pitch": -5.0,
            "output_min_roll": -2.0,
            "weight": 171.10864
        }
    },
    "General": {
        "Zspeed_alpha": 0.0,
        "Zspeed_beta": 0.8,
        "bar02_loglevel": 0,
        "controller_loglevel": 0,
        "controller_profile": 7,
        "controller_type": "PP",
        "debug_interval": 100,
        "imu_loglevel": 0,
        "imu_pitch_offset": -0.6,
        "imu_roll_offset": -2.2,
        "logFileDir": "log/",
        "logTypeCOUT": true,
        "logTypeFILE": true,
        "logTypeMQTT": true,
        "main_loglevel": 0,
        "motor_interval": 30,
        "motors_loglevel": 0,
        "mqtt_client_id": "oceanix",
        "mqtt_loglevel": 2,
        "mqtt_server_addr": "127.0.0.1",
        "nucleo_loglevel": 2
    },
    "Motors": {
        "FDX_coeff": -1.0,
        "FDX_pwm_zero": 1480,
        "FSX_coeff": -1.0,
        "FSX_pwm_zero": 1500,
        "RDX_coeff": -1.0,
        "RDX_pwm_zero": 1500,
        "RSX_coeff": -1.0,
        "RSX_pwm_zero": 1500,
        "UPFDX_coeff": -1.0,
        "UPFDX_pwm_zero": 1500,
        "UPFSX_coeff": -1.0,
        "UPFSX_pwm_zero": 1500,
        "UPRDX_coeff": -1.0,
        "UPRDX_pwm_zero": 1500,
        "UPRSX_coeff": -1.0,
        "UPRSX_pwm_zero": 1500,
        "thrust_max_xy": 2.0,
        "thrust_max_xy_work": 1.3,
        "thrust_max_z": 1.8,
        "thrust_max_z_work": 1.8,
        "thrust_slew_rate_max": 0.6
    }
}