{
    "General" : {
        "debug_motor": true,
        "debug_controller": true,
        "debug_mqtt": true,
        "debug_general" : true,
        "debug_interval" : 300,
        "controller_profile" : 1,
        "mqtt_server_addr" : "10.0.0.254",
        "mqtt_client_id" : "oceanix",
        "bar02_loglevel" : 0,
        "controller_loglevel" : 0,
        "main_loglevel" : 0,
        "motors_loglevel" : 0,
        "mqtt_loglevel" : 0,
        "nucleo_loglevel" : 0,
        "imu_loglevel" : 0,
        "logTypeCOUT": true,
        "logTypeFILE": true,
        "logTypeMQTT": true,
        "logFileDir": "log/"
    },
    "Motors" : {
        "FSX_coeff": 1,
        "FSX_pwm_zero": 1550,
        "FDX_coeff": -1,
        "FDX_pwm_zero": 1550,
        "RSX_coeff": 1,
        "RSX_pwm_zero": 1550,
        "RDX_coeff": -1,
        "RDX_pwm_zero": 1550,
        "UPFSX_coeff": 1,
        "UPFSX_pwm_zero": 1565,
        "UPFDX_coeff": -1,
        "UPFDX_pwm_zero": 1570,
        "UPRSX_coeff": -1,
        "UPRSX_pwm_zero": 1570,
        "UPRDX_coeff": -1,
        "UPRDX_pwm_zero": 1555,
        "pwm_slew_rate_max": 100,
        "thrust_max_xy": 1.5,
        "thrust_max_z": 1.5
    },
    "Controller" : {
        "minForceZ": -10,
        "maxForceZ": 10,
        "minForcePitch": -2,
        "maxForcePitch": 2,
        "minForceRoll": -2,
        "maxForceRoll": 2,
        "minErrorBar": 0,
        "minErrorImu": 0,
        "weight": 171.10864, 
        "buoyancy": 179.5909,
    
        "denFHeave2": 9.949950142402790e-01,
        "numFHeave1": 9.297712006415890e-02,
        "numFHeave2": -8.797213430756121e-02,
        "denCHeave2": 1.895000000000000e+00,
        "denCHeave3": -8.954999999999999e-01,
        "numCHeave2": -3.442763629825612e-05,
        "numCHeave3": 3.385020241443606e-05,
        "cZ_inf": 8.659000000000000e+02,
    
        "denFPitch2": 1.842948100065568e+00,
        "denFPitch3": -8.509319344544103e-01,
        "numFPitch2": 1.645432378158562e-02,
        "numFPitch3": -8.470489392742607e-03,
        "denCPitch2": 1.842948100065568e+00,
        "denCPitch3": -8.509319344544103e-01,
        "numCPitch2": 4.118452858606612e-05,
        "numCPitch3": -4.157888878087835e-05,
        "cPITCH_inf": 2.024503104996161e+04,
    
        "denCRoll2": 1.843014689206624e+00,
        "denCRoll3": -8.510012064159749e-01,
        "numCRoll2": 5.983821909621034e-05,
        "numCRoll3": -6.041137943904093e-05,
        "cROLL_inf": 1.393417620261203e+04
    }
}