{
    "Controller": {
        "MIMO": {
            "Admatrix_Gain": [
                0.9984594828825669,
                0.009992295435227214,
                0.0,
                0.0,
                0.0,
                0.0,
                0.0,
                1.0,
                0.0,
                0.0,
                0.0,
                0.0,
                0.0,
                0.0,
                0.9983155186422065,
                0.00999219456954543,
                0.0,
                0.0,
                0.0,
                0.0,
                -0.07425760815033361,
                0.9996286076375623,
                0.0,
                0.0,
                0.0,
                0.0,
                0.0,
                0.0,
                0.9986885730954816,
                0.009993923526400982,
                0.0,
                0.0,
                0.0,
                0.0,
                -0.05781290559694038,
                0.99971087225135
            ],
            "Bdmatrix_Gain": [
                0.00029739712691759115,
                1.4873677167544215e-06,
                0.0025694900629408264,
                1.2851060093447824e-05,
                -0.0029483837868926784,
                -1.4745143107036873e-05,
                0.00029739712691759115,
                1.4873677167544215e-06,
                -0.002514471634035415,
                -1.2575890655625092e-05,
                -0.0029493622732275804,
                -1.4750036608724323e-05,
                0.00029739712691759115,
                1.4873677167544215e-06,
                0.0025694525461123874,
                1.2850872456599667e-05,
                0.0035505179896991534,
                1.7756472578286e-05,
                0.00029739712691759115,
                1.4873677167544215e-06,
                -0.002514471634035415,
                -1.2575890655625092e-05,
                0.0035495541076379054,
                1.7751652113937163e-05
            ],
            "Cdmatrix_Gain": [
                0.0,
                0.0,
                0.0,
                0.0,
                0.0,
                1.0,
                0.0,
                0.0,
                0.0,
                0.0,
                0.0,
                1.0,
                0.0,
                0.0,
                0.0,
                0.0,
                0.0,
                1.0,
                0.0,
                0.0,
                0.0,
                0.0,
                0.0,
                1.0,
                0.0,
                0.0,
                0.0,
                0.0,
                0.0,
                1.0
            ],
            "IntegratorGain_Gain": [
                52.24001528606112,
                53.155960178583065,
                44.83966552841883,
                45.75558703998116,
                -44.56945111019117,
                -44.52480169388414,
                51.70338006303079,
                51.74824538632449,
                47.95721019235013,
                -47.061112690990036,
                47.93393309191081,
                -47.08368865941128
            ],
            "Ldmatrix_Gain": [
                0.5260790898616476,
                0.6265439746852153,
                2.8229344547352424e-15,
                3.405773163101974e-17,
                2.2259824299782244e-16,
                2.901323428262952e-16,
                3.6295006140763255e-17,
                7.899889354627718e-19,
                0.0008217311562460933,
                1.2945314894435968e-05,
                1.44793007187911e-20,
                -6.867414568860937e-20,
                1.9434225131243135e-14,
                3.1572930470227446e-16,
                0.4249763311188241,
                0.6254257116179213,
                4.6014669575695414e-17,
                5.966732200589355e-17,
                1.602818096123969e-15,
                4.7608198946234693e-17,
                1.9431083671060326e-15,
                -3.3220999499269123e-16,
                0.6176124419719007,
                0.001134779560090384,
                4.551014257687116e-16,
                -3.675216766211882e-18,
                -3.613488404888284e-15,
                -5.173756933759753e-17,
                -0.04075953785061019,
                0.6176591996910287
            ],
            "StateGain_Gain": [
                -31.04802458686418,
                -31.61785977704936,
                -26.222616296252454,
                -26.79243644310648,
                -58.24032310409424,
                -59.28772899241936,
                -49.54300157157162,
                -50.59038019572311,
                -9.85862725154776,
                9.70611682250446,
                -9.850715223989464,
                9.713884490507748,
                -50.23182563397272,
                49.1874604612764,
                -50.20354622978494,
                49.21500626793179,
                5.026989295521088,
                5.022476179027346,
                -5.561515440024714,
                -5.56605230584222,
                17.267648185804546,
                17.24578043701618,
                -20.216795428650535,
                -20.23874720912372
            ]
        },
        "PP": {
            "cPITCH_inf": 20245.03104996161,
            "cROLL_inf": 13934.17620261203,
            "cZ_inf": 865.9,
            "denCHeave2": 1.895,
            "denCHeave3": -0.8954999999999999,
            "denCPitch2": 1.842948100065568,
            "denCPitch3": -0.8509319344544103,
            "denCRoll2": 1.843014689206624,
            "denCRoll3": -0.8510012064159749,
            "denFHeave2": 0.994995014240279,
            "denFPitch2": 1.842948100065568,
            "denFPitch3": -0.8509319344544103,
            "numCHeave2": -3.442763629825612e-05,
            "numCHeave3": 3.385020241443606e-05,
            "numCPitch2": 4.118452858606612e-05,
            "numCPitch3": -4.157888878087835e-05,
            "numCRoll2": 5.983821909621034e-05,
            "numCRoll3": -6.041137943904093e-05,
            "numFHeave1": 0.0929771200641589,
            "numFHeave2": -0.0879721343075612,
            "numFPitch2": 0.01645432378158562,
            "numFPitch3": -0.008470489392742607,
            "minForceZ" : -15,
            "maxForceZ" :15,
            "minForceRoll": -2,
            "maxForceRoll": 2,
            "minForcePitch": -5,
            "maxForcePitch": 5,
            "weight": 171.10864,
            "buoyancy": 179.5909
        }
    },
    "General": {
        "Zspeed_alpha": 0.0,
        "Zspeed_beta": 0.8,
        "bar02_loglevel": 0,
        "controller_loglevel": 0,
        "controller_profile": 7,
        "controller_type": "MIMO",
        "debug_interval": 100,
        "imu_loglevel": 0,
        "logFileDir": "log/",
        "logTypeCOUT": true,
        "logTypeFILE": true,
        "logTypeMQTT": true,
        "main_loglevel": 0,
        "motor_interval": 10,
        "motors_loglevel": 0,
        "mqtt_client_id": "oceanix",
        "mqtt_loglevel": 2,
        "mqtt_server_addr": "127.0.0.1",
        "nucleo_loglevel": 2,
        "imu_roll_offset": 0.0,
        "imu_pitch_offset": 0.0
    },
    "Motors": {
        "FDX_coeff": -1.0,
        "FDX_pwm_zero": 1540,
        "FSX_coeff": -1.0,
        "FSX_pwm_zero": 1540,
        "RDX_coeff": -1.0,
        "RDX_pwm_zero": 1540,
        "RSX_coeff": -1.0,
        "RSX_pwm_zero": 1540,
        "UPFDX_coeff": -1.0,
        "UPFDX_pwm_zero": 1540,
        "UPFSX_coeff": -1.0,
        "UPFSX_pwm_zero": 1540,
        "UPRDX_coeff": -1.0,
        "UPRDX_pwm_zero": 1540,
        "UPRSX_coeff": -1.0,
        "UPRSX_pwm_zero": 1540,
        "thrust_max_xy": 2.0,
        "thrust_max_xy_work": 1.3,
        "thrust_max_z": 1.8,
        "thrust_max_z_work": 1.8,
        "thrust_slew_rate_max": 0.5
    }
}
